{"ham":{"precision":0.9708542714,"recall":1.0,"f1-score":0.9852116267,"support":966.0},"spam":{"precision":1.0,"recall":0.8053691275,"f1-score":0.8921933086,"support":149.0},"accuracy":0.9739910314,"macro avg":{"precision":0.9854271357,"recall":0.9026845638,"f1-score":0.9387024676,"support":1115.0},"weighted avg":{"precision":0.9747490817,"recall":0.9739910314,"f1-score":0.9727813761,"support":1115.0}}